{
	"cme_detected":	true,
	"confidence":	0.65733333333333333,
	"prediction_method":	"C_THRESHOLD_ENGINE",
	"timestamp":	"2025-07-15T20:23:10",
	"features":	{
		"solar_wind_speed":	750,
		"proton_density":	15.5,
		"temperature":	45000,
		"ion_flux":	3500000,
		"electron_flux":	25000000,
		"magnetic_field_magnitude":	32.1,
		"dynamic_pressure":	12.8
	},
	"future_predictions":	{
		"solar_wind_speed":	[746.875, 743.75, 740.625, 737.5, 734.375, 731.25, 728.125, 725, 721.875, 718.75, 715.625, 712.5, 709.375, 706.25, 703.125, 700, 696.875, 693.75, 690.625, 687.5, 684.375, 681.25, 678.125, 675],
		"proton_density":	[15.90463119588216, 16.302339039817813, 16.686318640331777, 17.05, 17.387160429927032, 17.6920310216783, 17.959395354902828, 18.184678751731759, 18.364026550784988, 18.49437006149611, 18.573479070258813, 18.6, 18.573479070258813, 18.49437006149611, 18.364026550784988, 18.184678751731759, 17.959395354902828, 17.6920310216783, 17.387160429927032, 17.05, 16.686318640331777, 16.302339039817813, 15.90463119588216, 15.5],
		"magnetic_field_magnitude":	[36.750932853581865, 36.269912319222072, 35.504719151413227, 34.5075, 33.34621370216864, 32.1, 30.853786297831363, 29.6925, 28.695280848586776, 27.93008768077793, 27.449067146418137, 27.285, 27.449067146418137, 27.93008768077793, 28.695280848586776, 29.6925, 30.853786297831363, 32.1, 33.34621370216864, 34.5075, 35.504719151413227, 36.269912319222072, 36.750932853581865, 36.915],
		"dynamic_pressure":	[12.773333333333333, 12.746666666666668, 12.72, 12.693333333333335, 12.666666666666668, 12.64, 12.613333333333335, 12.586666666666666, 12.56, 12.533333333333333, 12.506666666666668, 12.48, 12.453333333333333, 12.426666666666668, 12.4, 12.373333333333335, 12.346666666666668, 12.32, 12.293333333333335, 12.266666666666667, 12.24, 12.213333333333333, 12.186666666666667, 12.16]
	},
	"thresholds_used":	{
		"SOLAR_WIND_THRESHOLD":	600,
		"PROTON_DENSITY_THRESHOLD":	10,
		"DYNAMIC_PRESSURE_THRESHOLD":	5,
		"ION_FLUX_THRESHOLD":	1000000,
		"MIN_DETECTION_FLAGS":	3
	}
}